{
  "config": "arch8_6_2_deg2_eps0.2",
  "epsilon": 0.2,
  "unverifiable": {
    "n_total": 10,
    "n_verified": 0,
    "n_falsified": 10,
    "pct_falsified": 1.0,
    "robust_radii": [
      0.04045284297044826,
      0.11179211307103187,
      0.020345193578684403,
      0.08183760123162555,
      0.03245507307577142,
      0.07474692830058315,
      0.03757806941496094,
      0.03442464788488782,
      0.13675950404192755,
      0.05391823603187618
    ],
    "min_radius": 0.020345193578684403,
    "max_radius": 0.13675950404192755,
    "mean_radius": 0.06243102096017972
  },
  "clean": {
    "n_total": 10,
    "n_verified": 3,
    "n_falsified": 7,
    "pct_verified": 0.3,
    "robust_radii": [
      0.1178962040995293,
      0.6531237853183641,
      0.03441511189998272,
      0.16293711648184897,
      0.08566164653782023,
      0.1458595678559285,
      0.08198523024931768,
      0.6326046570007176,
      0.13411517470042614,
      1.1191262941384603
    ],
    "min_radius": 0.03441511189998272,
    "max_radius": 1.1191262941384603,
    "mean_radius": 0.31677247882823956
  }
}