{
  "config": "arch8_6_2_deg2_eps0.5",
  "epsilon": 0.5,
  "unverifiable": {
    "n_total": 10,
    "n_verified": 0,
    "n_falsified": 10,
    "pct_falsified": 1.0,
    "robust_radii": [
      0.1344636070496396,
      0.1743005083100594,
      0.08607503642749391,
      0.08536480174412622,
      0.08911302028871464,
      0.07299260084328789,
      0.11226239280908248,
      0.12429524870000813,
      0.1386674251050487,
      0.14972193818446625
    ],
    "min_radius": 0.07299260084328789,
    "max_radius": 0.1743005083100594,
    "mean_radius": 0.11672565794619272
  },
  "clean": {
    "n_total": 10,
    "n_verified": 4,
    "n_falsified": 6,
    "pct_verified": 0.4,
    "robust_radii": [
      0.3906736370933446,
      0.3471970974178698,
      0.5495632940879343,
      1.1818690318855476,
      0.5863350427319178,
      0.08677785082961445,
      0.09875060412167358,
      0.10024929853882565,
      0.5310460145188433,
      0.07986298680859164
    ],
    "min_radius": 0.07986298680859164,
    "max_radius": 1.1818690318855476,
    "mean_radius": 0.3952324858034163
  }
}