{
  "config": "arch8_6_2_deg3_eps0.2",
  "epsilon": 0.2,
  "unverifiable": {
    "n_total": 10,
    "n_verified": 0,
    "n_falsified": 10,
    "pct_falsified": 1.0,
    "robust_radii": [
      0.06563873321285532,
      0.07260801797761027,
      0.13534328374968413,
      0.06415644397784732,
      0.04203896604476673,
      0.12414372994927889,
      0.10241084679379811,
      0.08057906148950639,
      0.09170664975210661,
      0.10381856068442227
    ],
    "min_radius": 0.04203896604476673,
    "max_radius": 0.13534328374968413,
    "mean_radius": 0.0882444293631876
  },
  "clean": {
    "n_total": 10,
    "n_verified": 8,
    "n_falsified": 2,
    "pct_verified": 0.8,
    "robust_radii": [
      0.26105040724081324,
      1.0073877861823413,
      0.22334206990580555,
      0.32659573100870176,
      0.22140382644841708,
      0.36310109219219056,
      0.04607728481538905,
      0.5413375470051603,
      0.3568316970164531,
      0.1756435092094505
    ],
    "min_radius": 0.04607728481538905,
    "max_radius": 1.0073877861823413,
    "mean_radius": 0.35227709510247224
  }
}