{
  "config": "arch16_12_2_deg2_eps0.5",
  "epsilon": 0.5,
  "unverifiable": {
    "n_total": 10,
    "n_verified": 0,
    "n_falsified": 10,
    "pct_falsified": 1.0,
    "robust_radii": [
      0.165852532080855,
      0.22730781681090909,
      0.24789446071647106,
      0.16799658791156175,
      0.19174432278212325,
      0.1794605870455739,
      0.17556382234264714,
      0.25184995172094793,
      0.1876624100674245,
      0.23964530168100426
    ],
    "min_radius": 0.165852532080855,
    "max_radius": 0.25184995172094793,
    "mean_radius": 0.20349777931595175
  },
  "clean": {
    "n_total": 10,
    "n_verified": 6,
    "n_falsified": 4,
    "pct_verified": 0.6,
    "robust_radii": [
      0.3240598849929876,
      0.4893155881793279,
      1.2022053569197773,
      0.638800411120625,
      0.2726851278836154,
      0.7172218938715901,
      1.3542445682471778,
      0.2306795771210023,
      0.7017894623575736,
      1.1605375750849891
    ],
    "min_radius": 0.2306795771210023,
    "max_radius": 1.3542445682471778,
    "mean_radius": 0.7091539445778666
  }
}