{
  "config": "arch8_10_2_deg2_eps0.2",
  "epsilon": 0.2,
  "unverifiable": {
    "n_total": 10,
    "n_verified": 0,
    "n_falsified": 10,
    "pct_falsified": 1.0,
    "robust_radii": [
      0.07420438708178706,
      0.050170836625206765,
      0.11727477546854707,
      0.1245547270969856,
      0.058771619732624285,
      0.08463622509030484,
      0.05201658238059072,
      0.07971595562490927,
      0.04965653705823957,
      0.035918289572024246
    ],
    "min_radius": 0.035918289572024246,
    "max_radius": 0.1245547270969856,
    "mean_radius": 0.07269199357312195
  },
  "clean": {
    "n_total": 10,
    "n_verified": 7,
    "n_falsified": 3,
    "pct_verified": 0.7,
    "robust_radii": [
      0.36597184916904196,
      0.44887601971100305,
      0.3855074391100603,
      0.9261308143160434,
      0.0752315420932077,
      0.2648955126626578,
      1.3134450792668408,
      0.137224654287251,
      0.24570752810150243,
      0.1935980608435757
    ],
    "min_radius": 0.0752315420932077,
    "max_radius": 1.3134450792668408,
    "mean_radius": 0.4356588499561185
  }
}