{
  "config": "arch8_10_2_deg3_eps0.2",
  "epsilon": 0.2,
  "unverifiable": {
    "n_total": 10,
    "n_verified": 0,
    "n_falsified": 10,
    "pct_falsified": 1.0,
    "robust_radii": [
      0.08517998904547106,
      0.05998934216024479,
      0.06477807130112036,
      0.10230072698418528,
      0.057422057666639804,
      0.08992017729567657,
      0.07026622992492056,
      0.09720635055855165,
      0.09120595171394043,
      0.07152553427970673
    ],
    "min_radius": 0.057422057666639804,
    "max_radius": 0.10230072698418528,
    "mean_radius": 0.07897944309304573
  },
  "clean": {
    "n_total": 10,
    "n_verified": 7,
    "n_falsified": 3,
    "pct_verified": 0.7,
    "robust_radii": [
      0.7610058211463051,
      0.29871734043579584,
      0.09739752933268153,
      0.9156360993569976,
      0.3090725372199258,
      0.11602223150674688,
      0.03878157075527644,
      0.4539673316757445,
      0.7515598387099298,
      1.056303995656617
    ],
    "min_radius": 0.03878157075527644,
    "max_radius": 1.056303995656617,
    "mean_radius": 0.47984642957960205
  }
}