{
  "config": "arch8_10_2_deg2_eps0.5",
  "epsilon": 0.5,
  "unverifiable": {
    "n_total": 10,
    "n_verified": 0,
    "n_falsified": 10,
    "pct_falsified": 1.0,
    "robust_radii": [
      0.11990174600504186,
      0.10800931864383513,
      0.332377091784711,
      0.12534783583716835,
      0.08922406953115224,
      0.10879000907205653,
      0.09112803817933139,
      0.15295743134449946,
      0.11641972896350794,
      0.08633239223628601
    ],
    "min_radius": 0.08633239223628601,
    "max_radius": 0.332377091784711,
    "mean_radius": 0.133048766159759
  },
  "clean": {
    "n_total": 10,
    "n_verified": 5,
    "n_falsified": 5,
    "pct_verified": 0.5,
    "robust_radii": [
      0.27559325048628464,
      0.754180751434838,
      0.7980873329770957,
      0.8178855324053856,
      0.08096942827516251,
      0.86257313629874,
      0.3087924465347782,
      0.5305316088840306,
      0.37097495189796653,
      0.46831492289246734
    ],
    "min_radius": 0.08096942827516251,
    "max_radius": 0.86257313629874,
    "mean_radius": 0.526790336208675
  }
}