{
  "config": "arch16_12_2_deg2_eps0.2",
  "epsilon": 0.2,
  "unverifiable": {
    "n_total": 10,
    "n_verified": 0,
    "n_falsified": 10,
    "pct_falsified": 1.0,
    "robust_radii": [
      0.06635213587645301,
      0.09615499453631685,
      0.09790772903867666,
      0.07820810739741542,
      0.10249529519195724,
      0.06334673316148476,
      0.14720013833107906,
      0.07681633750385698,
      0.0980342136207175,
      0.0703527800646733
    ],
    "min_radius": 0.06334673316148476,
    "max_radius": 0.14720013833107906,
    "mean_radius": 0.08968684647226308
  },
  "clean": {
    "n_total": 10,
    "n_verified": 8,
    "n_falsified": 2,
    "pct_verified": 0.8,
    "robust_radii": [
      0.09606002504277882,
      0.6346966753350985,
      1.2418292219895175,
      0.6428904789050052,
      0.3902820270333322,
      0.10917299549847279,
      0.6474063956479182,
      0.913699220188195,
      0.4946233467999441,
      0.6457289198973503
    ],
    "min_radius": 0.09606002504277882,
    "max_radius": 1.2418292219895175,
    "mean_radius": 0.5816389306337613
  }
}