{
  "config": "arch8_6_2_deg3_eps0.5",
  "epsilon": 0.5,
  "unverifiable": {
    "n_total": 10,
    "n_verified": 0,
    "n_falsified": 10,
    "pct_falsified": 1.0,
    "robust_radii": [
      0.1158951269853939,
      0.16746814374635388,
      0.10325908314735403,
      0.1658433367790815,
      0.15100699644881624,
      0.20407707822832685,
      0.10252603445063743,
      0.09583412460540079,
      0.17784836262868037,
      0.07881535657045251
    ],
    "min_radius": 0.07881535657045251,
    "max_radius": 0.20407707822832685,
    "mean_radius": 0.13625736435904975
  },
  "clean": {
    "n_total": 10,
    "n_verified": 6,
    "n_falsified": 4,
    "pct_verified": 0.6,
    "robust_radii": [
      1.0666907618230415,
      0.8131409672208314,
      0.6199352017135061,
      0.5202553152498993,
      0.5941504203744881,
      0.3762205098502305,
      0.16601786538807248,
      1.0040875597445158,
      0.4358970632566833,
      0.4249590597049613
    ],
    "min_radius": 0.16601786538807248,
    "max_radius": 1.0666907618230415,
    "mean_radius": 0.602135472432623
  }
}