{
  "config": "arch8_10_2_deg3_eps0.5",
  "epsilon": 0.5,
  "unverifiable": {
    "n_total": 10,
    "n_verified": 0,
    "n_falsified": 10,
    "pct_falsified": 1.0,
    "robust_radii": [
      0.302729865383799,
      0.1926284411025915,
      0.07903256903881271,
      0.19509340423207605,
      0.16947866849130297,
      0.30016755374360904,
      0.20067586109971755,
      0.20079486161808463,
      0.2243926768524799,
      0.2431042171853835
    ],
    "min_radius": 0.07903256903881271,
    "max_radius": 0.302729865383799,
    "mean_radius": 0.2108098118747857
  },
  "clean": {
    "n_total": 10,
    "n_verified": 5,
    "n_falsified": 5,
    "pct_verified": 0.5,
    "robust_radii": [
      1.0146339508353537,
      0.6459491303985649,
      0.5211473482265692,
      0.2634870835627615,
      0.24110604867170973,
      0.3606231970414793,
      0.3228860316740239,
      0.676714266640122,
      0.3147472118598696,
      0.6411063915946921
    ],
    "min_radius": 0.24110604867170973,
    "max_radius": 1.0146339508353537,
    "mean_radius": 0.5002400660505146
  }
}