{
  "timestamp": "2026-01-26T11:28:47.600037",
  "num_configs": 8,
  "results": [
    {
      "config": "arch8_6_2_deg2_eps0.2",
      "epsilon": 0.2,
      "unverifiable": {
        "n_total": 10,
        "n_verified": 0,
        "n_falsified": 10,
        "pct_falsified": 1.0,
        "robust_radii": [
          0.04045284297044826,
          0.11179211307103187,
          0.020345193578684403,
          0.08183760123162555,
          0.03245507307577142,
          0.07474692830058315,
          0.03757806941496094,
          0.03442464788488782,
          0.13675950404192755,
          0.05391823603187618
        ],
        "min_radius": 0.020345193578684403,
        "max_radius": 0.13675950404192755,
        "mean_radius": 0.06243102096017972
      },
      "clean": {
        "n_total": 10,
        "n_verified": 3,
        "n_falsified": 7,
        "pct_verified": 0.3,
        "robust_radii": [
          0.1178962040995293,
          0.6531237853183641,
          0.03441511189998272,
          0.16293711648184897,
          0.08566164653782023,
          0.1458595678559285,
          0.08198523024931768,
          0.6326046570007176,
          0.13411517470042614,
          1.1191262941384603
        ],
        "min_radius": 0.03441511189998272,
        "max_radius": 1.1191262941384603,
        "mean_radius": 0.31677247882823956
      }
    },
    {
      "config": "arch8_6_2_deg2_eps0.5",
      "epsilon": 0.5,
      "unverifiable": {
        "n_total": 10,
        "n_verified": 0,
        "n_falsified": 10,
        "pct_falsified": 1.0,
        "robust_radii": [
          0.1344636070496396,
          0.1743005083100594,
          0.08607503642749391,
          0.08536480174412622,
          0.08911302028871464,
          0.07299260084328789,
          0.11226239280908248,
          0.12429524870000813,
          0.1386674251050487,
          0.14972193818446625
        ],
        "min_radius": 0.07299260084328789,
        "max_radius": 0.1743005083100594,
        "mean_radius": 0.11672565794619272
      },
      "clean": {
        "n_total": 10,
        "n_verified": 4,
        "n_falsified": 6,
        "pct_verified": 0.4,
        "robust_radii": [
          0.3906736370933446,
          0.3471970974178698,
          0.5495632940879343,
          1.1818690318855476,
          0.5863350427319178,
          0.08677785082961445,
          0.09875060412167358,
          0.10024929853882565,
          0.5310460145188433,
          0.07986298680859164
        ],
        "min_radius": 0.07986298680859164,
        "max_radius": 1.1818690318855476,
        "mean_radius": 0.3952324858034163
      }
    },
    {
      "config": "arch8_6_2_deg3_eps0.2",
      "epsilon": 0.2,
      "unverifiable": {
        "n_total": 10,
        "n_verified": 0,
        "n_falsified": 10,
        "pct_falsified": 1.0,
        "robust_radii": [
          0.06563873321285532,
          0.07260801797761027,
          0.13534328374968413,
          0.06415644397784732,
          0.04203896604476673,
          0.12414372994927889,
          0.10241084679379811,
          0.08057906148950639,
          0.09170664975210661,
          0.10381856068442227
        ],
        "min_radius": 0.04203896604476673,
        "max_radius": 0.13534328374968413,
        "mean_radius": 0.0882444293631876
      },
      "clean": {
        "n_total": 10,
        "n_verified": 8,
        "n_falsified": 2,
        "pct_verified": 0.8,
        "robust_radii": [
          0.26105040724081324,
          1.0073877861823413,
          0.22334206990580555,
          0.32659573100870176,
          0.22140382644841708,
          0.36310109219219056,
          0.04607728481538905,
          0.5413375470051603,
          0.3568316970164531,
          0.1756435092094505
        ],
        "min_radius": 0.04607728481538905,
        "max_radius": 1.0073877861823413,
        "mean_radius": 0.35227709510247224
      }
    },
    {
      "config": "arch8_6_2_deg3_eps0.5",
      "epsilon": 0.5,
      "unverifiable": {
        "n_total": 10,
        "n_verified": 0,
        "n_falsified": 10,
        "pct_falsified": 1.0,
        "robust_radii": [
          0.1158951269853939,
          0.16746814374635388,
          0.10325908314735403,
          0.1658433367790815,
          0.15100699644881624,
          0.20407707822832685,
          0.10252603445063743,
          0.09583412460540079,
          0.17784836262868037,
          0.07881535657045251
        ],
        "min_radius": 0.07881535657045251,
        "max_radius": 0.20407707822832685,
        "mean_radius": 0.13625736435904975
      },
      "clean": {
        "n_total": 10,
        "n_verified": 6,
        "n_falsified": 4,
        "pct_verified": 0.6,
        "robust_radii": [
          1.0666907618230415,
          0.8131409672208314,
          0.6199352017135061,
          0.5202553152498993,
          0.5941504203744881,
          0.3762205098502305,
          0.16601786538807248,
          1.0040875597445158,
          0.4358970632566833,
          0.4249590597049613
        ],
        "min_radius": 0.16601786538807248,
        "max_radius": 1.0666907618230415,
        "mean_radius": 0.602135472432623
      }
    },
    {
      "config": "arch8_10_2_deg2_eps0.2",
      "epsilon": 0.2,
      "unverifiable": {
        "n_total": 10,
        "n_verified": 0,
        "n_falsified": 10,
        "pct_falsified": 1.0,
        "robust_radii": [
          0.07420438708178706,
          0.050170836625206765,
          0.11727477546854707,
          0.1245547270969856,
          0.058771619732624285,
          0.08463622509030484,
          0.05201658238059072,
          0.07971595562490927,
          0.04965653705823957,
          0.035918289572024246
        ],
        "min_radius": 0.035918289572024246,
        "max_radius": 0.1245547270969856,
        "mean_radius": 0.07269199357312195
      },
      "clean": {
        "n_total": 10,
        "n_verified": 7,
        "n_falsified": 3,
        "pct_verified": 0.7,
        "robust_radii": [
          0.36597184916904196,
          0.44887601971100305,
          0.3855074391100603,
          0.9261308143160434,
          0.0752315420932077,
          0.2648955126626578,
          1.3134450792668408,
          0.137224654287251,
          0.24570752810150243,
          0.1935980608435757
        ],
        "min_radius": 0.0752315420932077,
        "max_radius": 1.3134450792668408,
        "mean_radius": 0.4356588499561185
      }
    },
    {
      "config": "arch8_10_2_deg2_eps0.5",
      "epsilon": 0.5,
      "unverifiable": {
        "n_total": 10,
        "n_verified": 0,
        "n_falsified": 10,
        "pct_falsified": 1.0,
        "robust_radii": [
          0.11990174600504186,
          0.10800931864383513,
          0.332377091784711,
          0.12534783583716835,
          0.08922406953115224,
          0.10879000907205653,
          0.09112803817933139,
          0.15295743134449946,
          0.11641972896350794,
          0.08633239223628601
        ],
        "min_radius": 0.08633239223628601,
        "max_radius": 0.332377091784711,
        "mean_radius": 0.133048766159759
      },
      "clean": {
        "n_total": 10,
        "n_verified": 5,
        "n_falsified": 5,
        "pct_verified": 0.5,
        "robust_radii": [
          0.27559325048628464,
          0.754180751434838,
          0.7980873329770957,
          0.8178855324053856,
          0.08096942827516251,
          0.86257313629874,
          0.3087924465347782,
          0.5305316088840306,
          0.37097495189796653,
          0.46831492289246734
        ],
        "min_radius": 0.08096942827516251,
        "max_radius": 0.86257313629874,
        "mean_radius": 0.526790336208675
      }
    },
    {
      "config": "arch8_10_2_deg3_eps0.2",
      "epsilon": 0.2,
      "unverifiable": {
        "n_total": 10,
        "n_verified": 0,
        "n_falsified": 10,
        "pct_falsified": 1.0,